Alpha Numeric Bucket #,,,
4525,,,
4640,,,
4504,,,
149002,,,
4526,,,
4522,,,
4617,,,
149003,,,
4523,,,
4642,,,
4475,,,
10288,,,
4741,,,
463501,,,
4474,,,
10289,,,
4462,,,
463502,,,
4476,,,
10290,,,
467901,,,
463601,,,
4477,,,
10291,,,
467902,,,
468001,,,
463602,,,
10292,,,
468002,,,
4639,,,
10293,,,
4682,,,
4641,,,
4754,,,
4740,,,
10294,,,
4681,,,
4683,,,
4505,,,
10295,,,
4684,,,
4507,,,
4753,,,
10296,,,
468501,,,
468502,,,
4527,,,
10297,,,
468601,,,
4461,,,
10298,,,
468602,,,
4689,,,
4671,,,
10299,,,
4690,,,
4670,,,
4643,,,
10300,,,
4687,,,
4463,,,
10301,,,
4688,,,
469101,,,
4672,,,
10302,,,
469102,,,
469201,,,
4644,,,
10303,,,
469202,,,
4730,,,
4728,,,
10304,,,
4695,,,
472901,,,
10305,,,
4696,,,
472902,,,
473101,,,
10306,,,
4464,,,
4465,,,
473102,,,
10307,,,
4745,,,
4727,,,
10308,,,
4743,,,
4742,,,
4500,,,
10309,,,
4693,,,
4732,,,
10310,,,
4694,,,
4962,,,
4757,,,
10311,,,
4744,,,
4758,,,
4645,,,
10312,,,
4501,,,
4759,,,
4755,,,
10313,,,
4502,,,
4760,,,
4620,,,
10314,,,
469701,,,
4764,,,
476901,,,
10315,,,
469702,,,
4765,,,
476902,,,
10316,,,
469801,,,
4766,,,
477001,,,
10317,,,
469802,,,
4242,,,
477002,,,
10318,,,
4701,,,
4243,,,
4777,,,
10319,,,
4702,,,
4244,,,
4778,,,
10320,,,
4700,,,
4699,,,
4789,,,
10321,,,
470301,,,
4788,,,
10322,,,
470302,,,
450801,,,
466101,,,
10323,,,
470401,,,
450802,,,
466102,,,
10324,,,
470402,,,
466201,,,
10325,,,
4707,,,
466202,,,
10326,,,
4708,,,
4665,,,
10327,,,
4706,,,
4736,,,
4663,,,
10328,,,
4705,,,
4666,,,
10329,,,
4509,,,
4733,,,
4664,,,
10330,,,
4510,,,
473401,,,
4963,,,
10331,,,
470901,,,
473402,,,
465001,,,
10332,,,
470902,,,
473801,,,
465002,,,
10333,,,
471001,,,
473802,,,
465101,,,
10334,,,
471002,,,
4735,,,
465102,,,
10335,,,
4713,,,
4737,,,
4655,,,
10336,,,
4714,,,
4712,,,
451101,,,
10337,,,
4711,,,
451102,,,
4654,,,
10338,,,
471501,,,
477601,,,
4652,,,
10339,,,
471502,,,
471601,,,
477602,,,
10340,,,
471602,,,
4658,,,
4653,,,
10341,,,
4720,,,
4660,,,
4941,,,
10342,,,
4719,,,
4659,,,
494201,,,
10343,,,
4717,,,
4718,,,
4812,,,
10344,,,
4512,,,
4804,,,
494202,,,
10345,,,
4513,,,
4813,,,
476801,,,
10346,,,
4782,,,
479201,,,
476802,,,
10347,,,
4783,,,
479202,,,
4771,,,
10348,,,
472101,,,
4794,,,
4772,,,
10349,,,
472102,,,
4811,,,
4773,,,
10350,,,
472201,,,
4818,,,
4774,,,
10351,,,
472202,,,
4819,,,
4803,,,
10352,,,
4725,,,
4820,,,
482501,,,
10353,,,
4726,,,
4878,,,
482502,,,
10354,,,
4724,,,
4424,,,
482601,,,
10355,,,
4723,,,
4425,,,
482602,,,
10356,,,
480501,,,
4426,,,
4836,,,
10357,,,
480502,,,
480201,,,
10358,,,
480601,,,
480202,,,
4837,,,
10359,,,
480602,,,
480101,,,
4953,,,
10360,,,
4816,,,
480102,,,
4952,,,
10361,,,
4817,,,
4845,,,
10362,,,
4815,,,
4839,,,
10363,,,
4814,,,
4846,,,
4964,,,
10364,,,
482701,,,
4427,,,
10365,,,
482702,,,
4950,,,
484701,,,
10366,,,
482801,,,
4951,,,
10367,,,
482802,,,
483101,,,
10368,,,
4834,,,
483102,,,
484702,,,
10369,,,
4835,,,
4838,,,
4844,,,
10370,,,
4833,,,
4849,,,
4850,,,
10371,,,
4832,,,
4851,,,
484801,,,
10372,,,
4809,,,
467301,,,
484802,,,
10373,,,
4810,,,
467302,,,
4860,,,
10374,,,
4807,,,
4674,,,
4675,,,
10375,,,
4808,,,
4245,,,
4861,,,
10376,,,
4246,,,
4869,,,
10377,,,
4247,,,
4868,,,
10378,,,
485201,,,
4960,,,
485801,,,
10379,,,
485202,,,
4901,,,
485802,,,
10380,,,
485301,,,
4902,,,
485901,,,
10381,,,
485302,,,
487001,,,
485902,,,
10382,,,
4856,,,
487002,,,
4865,,,
10383,,,
4857,,,
4880,,,
4864,,,
10384,,,
4855,,,
4887,,,
4862,,,
10385,,,
4854,,,
4863,,,
10386,,,
486601,,,
4888,,,
10387,,,
486602,,,
4889,,,
10388,,,
486701,,,
4890,,,
10389,,,
486702,,,
4965,,,
10390,,,
4873,,,
10391,,,
4874,,,
4872,,,
10392,,,
4966,,,
10393,,,
4871,,,
4967,,,
10394,,,
